{"count":1,"self":192.4209792,"total":385.99422619999996,"children":{"InitializeActuators":{"count":1,"self":0.0029763999999999997,"total":0.0029763999999999997,"children":null},"InitializeSensors":{"count":1,"self":0.0024801999999999997,"total":0.0024801999999999997,"children":null},"AgentSendState":{"count":109001,"self":0.8863224,"total":2.6585783999999997,"children":{"CollectObservations":{"count":21801,"self":0.126957,"total":0.126957,"children":null},"WriteActionMask":{"count":21801,"self":0.0877713,"total":0.0877713,"children":null},"RequestDecision":{"count":21801,"self":0.3124866,"total":1.5575276999999998,"children":{"AgentInfo.ToProto":{"count":21801,"self":0.2698599,"total":1.2450411,"children":{"GenerateSensorData":{"count":21801,"self":0.9751812,"total":0.9751812,"children":null}}}}}}},"DecideAction":{"count":109001,"self":185.000832,"total":185.000834,"children":null},"AgentAct":{"count":109001,"self":5.6007948,"total":5.9068847999999994,"children":{"AgentInfo.ToProto":{"count":5628,"self":0.0580498,"total":0.3060901,"children":{"GenerateSensorData":{"count":5628,"self":0.2480403,"total":0.2480403,"children":null}}}}}},"gauges":{"MoveToFlag.CumulativeReward":{"count":5628,"max":101.5,"min":-40,"runningAverage":-5.021965,"value":-29.4999981,"weightedAverage":-2.29226351}},"metadata":{"timer_format_version":"0.1.0","start_time_seconds":"1638034141","unity_version":"2020.3.11f1","command_line_arguments":"C:\\Program Files\\Unity\\Hub\\Editor\\2020.3.11f1\\Editor\\Unity.exe -projectpath H:\/UnityProjects\/MLSiege -useHub -hubIPC -cloudEnvironment production -hubSessionId 07b64ca0-4f6d-11ec-ba21-fba539ad247b","communication_protocol_version":"1.5.0","com.unity.ml-agents_version":"2.1.0-exp.1","scene_name":"SampleScene","end_time_seconds":"1638034527"}}