{"count":1,"self":119.7821184,"total":120.58378119999999,"children":{"InitializeActuators":{"count":1,"self":0.0029751,"total":0.0029751,"children":null},"InitializeSensors":{"count":1,"self":0.001984,"total":0.001984,"children":null},"AgentSendState":{"count":5785,"self":0.065519899999999992,"total":0.09357109999999999,"children":{"CollectObservations":{"count":1157,"self":0.014009599999999999,"total":0.014009599999999999,"children":null},"WriteActionMask":{"count":1157,"self":0.0065616999999999993,"total":0.0065616999999999993,"children":null},"RequestDecision":{"count":1157,"self":0.0074798999999999994,"total":0.0074798999999999994,"children":null}}},"DecideAction":{"count":5785,"self":0.55780429999999992,"total":0.55780429999999992,"children":null},"AgentAct":{"count":5785,"self":0.14334539999999998,"total":0.14334539999999998,"children":null}},"gauges":{"MoveToFlag.CumulativeReward":{"count":10,"max":-3.99449921,"min":-191.558548,"runningAverage":-32.40494,"value":-12.9519939,"weightedAverage":-32.8156357}},"metadata":{"timer_format_version":"0.1.0","start_time_seconds":"1645463354","unity_version":"2020.3.11f1","command_line_arguments":"C:\\Program Files\\Unity\\Hub\\Editor\\2020.3.11f1\\Editor\\Unity.exe -projectpath H:\\UnityProjects\\MLSiege -useHub -hubIPC -cloudEnvironment production -licensingIpc LicenseClient-Mikhail -hubSessionId 50b3f1e0-9311-11ec-9e8c-e9a8629fb696 -accessToken lvwE31TLiPTr54A4J8XJ5GeO1nJvFtesPxvqCxCft2E005f -projectpath H:\\UnityProjects\\MLSiege -useHub -hubIPC -cloudEnvironment production -licensingIpc LicenseClient-Mikhail -hubSessionId 50b3f1e0-9311-11ec-9e8c-e9a8629fb696 -accessToken lvwE31TLiPTr54A4J8XJ5GeO1nJvFtesPxvqCxCft2E005f","communication_protocol_version":"1.5.0","com.unity.ml-agents_version":"2.1.0-exp.1","scene_name":"SampleScene","end_time_seconds":"1645463474"}}