{
    "name": "root",
    "gauges": {
        "MoveToFlag.Policy.Entropy.mean": {
            "value": 0.038350142538547516,
            "min": 0.038350142538547516,
            "max": 1.2903777360916138,
            "count": 6
        },
        "MoveToFlag.Policy.Entropy.sum": {
            "value": 1917.5455322265625,
            "min": 1917.5455322265625,
            "max": 64529.2109375,
            "count": 6
        },
        "MoveToFlag.Environment.EpisodeLength.mean": {
            "value": 5.022765598650928,
            "min": 5.022765598650928,
            "max": 17.26442658875091,
            "count": 6
        },
        "MoveToFlag.Environment.EpisodeLength.sum": {
            "value": 41699.0,
            "min": 41699.0,
            "max": 47270.0,
            "count": 6
        },
        "MoveToFlag.Step.mean": {
            "value": 299997.0,
            "min": 49988.0,
            "max": 299997.0,
            "count": 6
        },
        "MoveToFlag.Step.sum": {
            "value": 299997.0,
            "min": 49988.0,
            "max": 299997.0,
            "count": 6
        },
        "MoveToFlag.Policy.ExtrinsicValueEstimate.mean": {
            "value": -1.524728775024414,
            "min": -8.557010650634766,
            "max": -1.524728775024414,
            "count": 6
        },
        "MoveToFlag.Policy.ExtrinsicValueEstimate.sum": {
            "value": -12658.2978515625,
            "min": -36536.703125,
            "max": -12658.2978515625,
            "count": 6
        },
        "MoveToFlag.Environment.CumulativeReward.mean": {
            "value": -4.017197721264673,
            "min": -17.62619381139084,
            "max": -4.017197721264673,
            "count": 6
        },
        "MoveToFlag.Environment.CumulativeReward.sum": {
            "value": -33350.775481939316,
            "min": -48242.89246177673,
            "max": -33350.775481939316,
            "count": 6
        },
        "MoveToFlag.Policy.ExtrinsicReward.mean": {
            "value": -4.017197721264673,
            "min": -17.62619381139084,
            "max": -4.017197721264673,
            "count": 6
        },
        "MoveToFlag.Policy.ExtrinsicReward.sum": {
            "value": -33350.775481939316,
            "min": -48242.89246177673,
            "max": -33350.775481939316,
            "count": 6
        },
        "MoveToFlag.Losses.PolicyLoss.mean": {
            "value": 0.023043075396368903,
            "min": 0.022042142370094855,
            "max": 0.034083290832738075,
            "count": 6
        },
        "MoveToFlag.Losses.PolicyLoss.sum": {
            "value": 0.11521537698184452,
            "min": 0.11021071185047428,
            "max": 0.1704164541636904,
            "count": 6
        },
        "MoveToFlag.Losses.ValueLoss.mean": {
            "value": 0.022709350890169542,
            "min": 0.022709350890169542,
            "max": 29.316663614908855,
            "count": 6
        },
        "MoveToFlag.Losses.ValueLoss.sum": {
            "value": 0.1135467544508477,
            "min": 0.1135467544508477,
            "max": 126.32341000239055,
            "count": 6
        },
        "MoveToFlag.Policy.LearningRate.mean": {
            "value": 0.00013402613532463998,
            "min": 0.00013402613532463998,
            "max": 0.0002846295051235,
            "count": 6
        },
        "MoveToFlag.Policy.LearningRate.sum": {
            "value": 0.0006701306766232,
            "min": 0.0006701306766232,
            "max": 0.0012847770717409998,
            "count": 6
        },
        "MoveToFlag.Policy.Epsilon.mean": {
            "value": 0.14467536000000006,
            "min": 0.14467536000000006,
            "max": 0.19487650000000004,
            "count": 6
        },
        "MoveToFlag.Policy.Epsilon.sum": {
            "value": 0.7233768000000003,
            "min": 0.7233768000000003,
            "max": 0.9282590000000001,
            "count": 6
        },
        "MoveToFlag.Policy.Beta.mean": {
            "value": 0.0022393004640000004,
            "min": 0.0022393004640000004,
            "max": 0.00474433735,
            "count": 6
        },
        "MoveToFlag.Policy.Beta.sum": {
            "value": 0.011196502320000001,
            "min": 0.011196502320000001,
            "max": 0.021420124100000004,
            "count": 6
        },
        "MoveToFlag.IsTraining.mean": {
            "value": 1.0,
            "min": 1.0,
            "max": 1.0,
            "count": 6
        },
        "MoveToFlag.IsTraining.sum": {
            "value": 1.0,
            "min": 1.0,
            "max": 1.0,
            "count": 6
        }
    },
    "metadata": {
        "timer_format_version": "0.1.0",
        "start_time_seconds": "1639252869",
        "python_version": "3.9.5 (tags/v3.9.5:0a7dcbd, May  3 2021, 17:27:52) [MSC v.1928 64 bit (AMD64)]",
        "command_line_arguments": "H:\\UnityProjects\\MLSiege\\venv\\Scripts\\mlagents-learn --force",
        "mlagents_version": "0.27.0",
        "mlagents_envs_version": "0.27.0",
        "communication_protocol_version": "1.5.0",
        "pytorch_version": "1.7.1+cu110",
        "numpy_version": "1.21.4",
        "end_time_seconds": "1639257242"
    },
    "total": 4373.4434154,
    "count": 1,
    "self": 0.01131100000020524,
    "children": {
        "run_training.setup": {
            "total": 0.04079929999999998,
            "count": 1,
            "self": 0.04079929999999998
        },
        "TrainerController.start_learning": {
            "total": 4373.3913051,
            "count": 1,
            "self": 9.509081800145395,
            "children": {
                "TrainerController._reset_env": {
                    "total": 47.4427622,
                    "count": 1,
                    "self": 47.4427622
                },
                "TrainerController.advance": {
                    "total": 4316.234230499855,
                    "count": 358746,
                    "self": 9.354430699788281,
                    "children": {
                        "env_step": {
                            "total": 4096.973355699976,
                            "count": 358746,
                            "self": 3102.342067799822,
                            "children": {
                                "SubprocessEnvManager._take_step": {
                                    "total": 988.6617246001686,
                                    "count": 358746,
                                    "self": 26.754629900098962,
                                    "children": {
                                        "TorchPolicy.evaluate": {
                                            "total": 961.9070947000696,
                                            "count": 319401,
                                            "self": 363.52971820010373,
                                            "children": {
                                                "TorchPolicy.sample_actions": {
                                                    "total": 598.3773764999659,
                                                    "count": 319401,
                                                    "self": 598.3773764999659
                                                }
                                            }
                                        }
                                    }
                                },
                                "workers": {
                                    "total": 5.969563299985531,
                                    "count": 358745,
                                    "self": 0.0,
                                    "children": {
                                        "worker_root": {
                                            "total": 4316.603777499988,
                                            "count": 358745,
                                            "is_parallel": true,